Retained-start group,WT reads,upf1Δ reads,upf3Δ reads,WT %,upf1Δ %,upf3Δ %,upf1Δ / WT fold,upf3Δ / WT fold,upf1Δ − WT percentage points,upf3Δ − WT percentage points
uORF1 ATG retained,210365,827396,715649,20.101998302895016,37.04687432837104,35.220004143825186,1.8429448540464597,1.7520648252543594,16.94487602547602,15.118005840930168
uORF2 ATG retained,64049,316985,254360,6.12037596226617,14.19308705744129,12.518092324621948,2.318989412569692,2.045314275103276,8.07271109517512,6.397716362355779
uORF3 ATG retained,4540,22558,18655,0.4338320171850991,1.010040405198229,0.9180885843521878,2.3281831796367496,2.1162305869197184,0.5762083880131299,0.48425656716708854
uORF4 ATG retained,800,1511,1766,0.07644617042909235,0.0676554238963793,0.08691205789150167,0.8850073655309272,1.1369053204845223,-0.008790746532713058,0.010465887462409309
uORF5 ATG retained,2498,6715,5237,0.23870316716484088,0.30066589772613295,0.2577341150497136,1.2595806804628722,1.079726415492973,0.061962730561292104,0.019030947884872723
Main DAL2 ATG retained,141776,123563,103710,13.547790323443747,5.532565945008812,5.103991802903532,0.40837404572426794,0.3767397989671673,-8.015224378434937,-8.443798520540216
Internal ATG A retained,16830,41400,34438,1.6082363104020305,1.8536959293911996,1.6948343429600987,1.152626586902399,1.0538465846082161,0.24545961898916924,0.08659803255806828
Internal ATG B retained,258794,426648,407076,24.729762787533158,19.10327683292021,20.033869126976743,0.7724811999632527,0.8101116577258993,-5.62648595461295,-4.695893660556413
No intact annotated start observed,273560,331321,385450,26.14076797822813,14.834985242072987,18.96956552337447,0.5675038030416171,0.7256697867168118,-11.305782736155143,-7.171202454853659
Uncertain / altered or incompletely covered start,73276,135279,105598,7.002086980452714,6.057152937973722,5.196907978044616,0.865049656607108,0.7421941476237724,-0.9449340424789919,-1.8051790024080971
Combined uORF1–5,282252,1175165,995667,26.97135561994022,52.61832311263307,49.00083122574054,1.9508964938244249,1.8167730208382142,25.646967492692852,22.029475605800318
